{"cameraMode":{"drawMode":0,"name":"Shaded","section":"Shading Mode"},"sceneLighting":true,"audioPlay":false,"sceneViewState":{"showFog":true,"showMaterialUpdate":false,"showSkybox":true,"showFlares":true,"showImageEffects":true,"showParticleSystems":true},"in2DMode":false,"pivot":{"x":6.328780174255371,"y":0.4371786117553711,"z":-12.941083908081055},"rotation":{"x":0.09864358603954315,"y":-0.8853245973587036,"z":0.2194695621728897,"w":0.39791110157966616},"size":25.024198532104493,"orthographic":false}